"Status","Start Time","Stop Time","Duration in ms","Parent Suite","Suite","Sub Suite","Test Class","Test Method","Name","Description"
"passed","Sat Jul 04 17:10:51 EEST 2026","Sat Jul 04 17:10:53 EEST 2026","2866","IoT Automation Suite","Regression Tests","com.dxc.iot.tests.SessionTests","com.dxc.iot.tests.SessionTests","testLogoutClearsStorage_A034","testLogoutClearsStorage_A034",""
"passed","Sat Jul 04 17:48:26 EEST 2026","Sat Jul 04 17:48:31 EEST 2026","4756","IoT Automation Suite","Sprint 4 & 5 Tests","com.dxc.iot.tests.StreetLightDashboardTests","com.dxc.iot.tests.StreetLightDashboardTests","testChartsEmptyState_SLCG005","testChartsEmptyState_SLCG005",""
"passed","Sat Jul 04 18:08:58 EEST 2026","Sat Jul 04 18:09:02 EEST 2026","4113","IoT Automation Suite","Sprint 4 & 5 Tests","com.dxc.iot.tests.AirPollutionDashboardTests","com.dxc.iot.tests.AirPollutionDashboardTests","testLocationFilterAccessible_AP005","testLocationFilterAccessible_AP005",""
"passed","Sat Jul 04 18:04:56 EEST 2026","Sat Jul 04 18:05:01 EEST 2026","5307","IoT Automation Suite","Sprint 4 & 5 Tests","com.dxc.iot.tests.AirPollutionDashboardTests","com.dxc.iot.tests.AirPollutionDashboardTests","testChartsEmptyState_APCG005","testChartsEmptyState_APCG005",""
"passed","Sat Jul 04 17:44:50 EEST 2026","Sat Jul 04 17:44:53 EEST 2026","2956","IoT Automation Suite","Sprint 3 Tests","com.dxc.iot.tests.TrafficDashboardTests","com.dxc.iot.tests.TrafficDashboardTests","testTableHasAllColumnHeaders_TD006","testTableHasAllColumnHeaders_TD006","Asserts the table has all 5 required columns. Case-insensitive check."
"passed","Sat Jul 04 16:59:06 EEST 2026","Sat Jul 04 16:59:11 EEST 2026","5171","IoT Automation Suite","Regression Tests","com.dxc.iot.tests.ProfileTests","com.dxc.iot.tests.ProfileTests","testProfileDataDisplay_A011","testProfileDataDisplay_A011",""
"passed","Sat Jul 04 18:09:53 EEST 2026","Sat Jul 04 18:09:58 EEST 2026","5592","IoT Automation Suite","Sprint 4 & 5 Tests","com.dxc.iot.tests.AirPollutionDashboardTests","com.dxc.iot.tests.AirPollutionDashboardTests","testNextPaginationChangesData_AP003","testNextPaginationChangesData_AP003",""
"passed","Sat Jul 04 18:08:19 EEST 2026","Sat Jul 04 18:08:35 EEST 2026","15421","IoT Automation Suite","Sprint 4 & 5 Tests","com.dxc.iot.tests.AirPollutionDashboardTests","com.dxc.iot.tests.AirPollutionDashboardTests","testExpandedChartCloses_APCG007","testExpandedChartCloses_APCG007",""
"passed","Sat Jul 04 17:48:48 EEST 2026","Sat Jul 04 17:48:55 EEST 2026","6699","IoT Automation Suite","Sprint 4 & 5 Tests","com.dxc.iot.tests.StreetLightDashboardTests","com.dxc.iot.tests.StreetLightDashboardTests","testChartsVisibleAfterPagination_SLCG008","testChartsVisibleAfterPagination_SLCG008",""
"passed","Sat Jul 04 18:12:52 EEST 2026","Sat Jul 04 18:12:54 EEST 2026","2838","IoT Automation Suite","Sprint 4 & 5 Tests","com.dxc.iot.tests.AirPollutionDashboardTests","com.dxc.iot.tests.AirPollutionDashboardTests","testTableHasAllColumnHeaders_AP006","testTableHasAllColumnHeaders_AP006",""
"passed","Sat Jul 04 17:45:35 EEST 2026","Sat Jul 04 17:46:09 EEST 2026","33532","IoT Automation Suite","Sprint 3 Tests","com.dxc.iot.tests.TrafficDashboardTests","com.dxc.iot.tests.TrafficDashboardTests","testToastAutoDismisses_TD019","testToastAutoDismisses_TD019","Toast must disappear within 10s (spec: 5s). Skips if no toast appears."
"passed","Sat Jul 04 17:59:14 EEST 2026","Sat Jul 04 18:00:19 EEST 2026","64901","IoT Automation Suite","Sprint 4 & 5 Tests","com.dxc.iot.tests.StreetLightNotificationTests","com.dxc.iot.tests.StreetLightNotificationTests","testStreetLightToastAppears_SLN003","testStreetLightToastAppears_SLN003","Navigates to /street-light and waits for toast when a sensor reading breaches Brightness or Power threshold."
"passed","Sat Jul 04 17:12:15 EEST 2026","Sat Jul 04 17:12:18 EEST 2026","3041","IoT Automation Suite","Sprint 3 Tests","com.dxc.iot.tests.EntryPointTests","com.dxc.iot.tests.EntryPointTests","testTrafficCardNavigatesToDashboard_EP002","testTrafficCardNavigatesToDashboard_EP002","Clicks the Traffic card and asserts URL changes to /traffic."
"passed","Sat Jul 04 17:37:11 EEST 2026","Sat Jul 04 17:37:16 EEST 2026","5357","IoT Automation Suite","Sprint 3 Tests","com.dxc.iot.tests.TrafficDashboardTests","com.dxc.iot.tests.TrafficDashboardTests","testCombinedFilterZeroResults_TD024","testCombinedFilterZeroResults_TD024","Applies a date range from April 2024 which has no sensor data. Asserts no-data message is displayed — UI handles zero results gracefully."
"passed","Sat Jul 04 18:10:31 EEST 2026","Sat Jul 04 18:10:46 EEST 2026","15407","IoT Automation Suite","Sprint 4 & 5 Tests","com.dxc.iot.tests.AirPollutionDashboardTests","com.dxc.iot.tests.AirPollutionDashboardTests","testPaginationResetsAfterFilter_AP022","testPaginationResetsAfterFilter_AP022",""
"passed","Sat Jul 04 17:38:38 EEST 2026","Sat Jul 04 17:38:55 EEST 2026","16882","IoT Automation Suite","Sprint 3 Tests","com.dxc.iot.tests.TrafficDashboardTests","com.dxc.iot.tests.TrafficDashboardTests","testCombinedFiltersDDT","testCombinedFiltersDDT","DDT: location + congestion and location + date range combinations. Asserts rows match location filter or no-data is shown."
"passed","Sat Jul 04 17:52:32 EEST 2026","Sat Jul 04 17:52:37 EEST 2026","5398","IoT Automation Suite","Sprint 4 & 5 Tests","com.dxc.iot.tests.StreetLightDashboardTests","com.dxc.iot.tests.StreetLightDashboardTests","testExpandPowerChartShowsStats_SLCG009","testExpandPowerChartShowsStats_SLCG009",""
"passed","Sat Jul 04 17:50:18 EEST 2026","Sat Jul 04 17:50:26 EEST 2026","7921","IoT Automation Suite","Sprint 4 & 5 Tests","com.dxc.iot.tests.StreetLightDashboardTests","com.dxc.iot.tests.StreetLightDashboardTests","testCombinedFilters_DDT","testCombinedFilters_DDT",""
"passed","Sat Jul 04 17:57:04 EEST 2026","Sat Jul 04 17:57:08 EEST 2026","3152","IoT Automation Suite","Sprint 4 & 5 Tests","com.dxc.iot.tests.StreetLightDashboardTests","com.dxc.iot.tests.StreetLightDashboardTests","testTableHasAllColumnHeaders_SL006","testTableHasAllColumnHeaders_SL006","Asserts the table has all required columns. Case-insensitive check."
"passed","Sat Jul 04 17:13:04 EEST 2026","Sat Jul 04 17:13:34 EEST 2026","29578","IoT Automation Suite","Sprint 3 Tests","com.dxc.iot.tests.NotificationTests","com.dxc.iot.tests.NotificationTests","testClickOutsideClosesPanel_NT008","testClickOutsideClosesPanel_NT008","Opens panel then clicks page heading outside it. Validates @HostListener behavior."
"passed","Sat Jul 04 18:05:13 EEST 2026","Sat Jul 04 18:05:22 EEST 2026","9326","IoT Automation Suite","Sprint 4 & 5 Tests","com.dxc.iot.tests.AirPollutionDashboardTests","com.dxc.iot.tests.AirPollutionDashboardTests","testChartsUpdateOnFilter_APCG003","testChartsUpdateOnFilter_APCG003",""
"passed","Sat Jul 04 17:56:08 EEST 2026","Sat Jul 04 17:56:12 EEST 2026","4521","IoT Automation Suite","Sprint 4 & 5 Tests","com.dxc.iot.tests.StreetLightDashboardTests","com.dxc.iot.tests.StreetLightDashboardTests","testSorting_DDT","testSorting_DDT",""
"passed","Sat Jul 04 16:55:02 EEST 2026","Sat Jul 04 16:55:06 EEST 2026","3815","IoT Automation Suite","Regression Tests","com.dxc.iot.tests.SignUpTests","com.dxc.iot.tests.SignUpTests","testSignUp","testSignUp",""
"passed","Sat Jul 04 17:47:48 EEST 2026","Sat Jul 04 17:47:55 EEST 2026","7331","IoT Automation Suite","Sprint 3 Tests","com.dxc.iot.tests.TrafficDashboardTests","com.dxc.iot.tests.TrafficDashboardTests","testTrafficDensitySortHeaderChanges_TD004","testTrafficDensitySortHeaderChanges_TD004","Clicks Traffic Density header and asserts the sort indicator text changes."
"passed","Sat Jul 04 17:54:57 EEST 2026","Sat Jul 04 17:55:00 EEST 2026","2585","IoT Automation Suite","Sprint 4 & 5 Tests","com.dxc.iot.tests.StreetLightDashboardTests","com.dxc.iot.tests.StreetLightDashboardTests","testPowerChartVisible_SLCG002","testPowerChartVisible_SLCG002",""
"passed","Sat Jul 04 17:41:21 EEST 2026","Sat Jul 04 17:41:26 EEST 2026","4107","IoT Automation Suite","Sprint 3 Tests","com.dxc.iot.tests.TrafficDashboardTests","com.dxc.iot.tests.TrafficDashboardTests","testExpandSpeedChartShowsStats_CG009","testExpandSpeedChartShowsStats_CG009","Opens the expanded Average Speed chart modal and asserts the modal opens with stat cards visible."
"passed","Sat Jul 04 17:48:38 EEST 2026","Sat Jul 04 17:48:43 EEST 2026","5315","IoT Automation Suite","Sprint 4 & 5 Tests","com.dxc.iot.tests.StreetLightDashboardTests","com.dxc.iot.tests.StreetLightDashboardTests","testChartsUpdateOnFilter_SLCG003","testChartsUpdateOnFilter_SLCG003",""
"passed","Sat Jul 04 18:00:23 EEST 2026","Sat Jul 04 18:02:35 EEST 2026","131158","IoT Automation Suite","Sprint 4 & 5 Tests","com.dxc.iot.tests.StreetLightNotificationTests","com.dxc.iot.tests.StreetLightNotificationTests","testStreetLightNotificationFormat_SLN001","testStreetLightNotificationFormat_SLN001","Asserts a Street Light alert contains 'Power Consumption' or 'Brightness Level', 'above/below the limit', 'reading:', and 'threshold:'."
"passed","Sat Jul 04 17:56:26 EEST 2026","Sat Jul 04 17:56:32 EEST 2026","5413","IoT Automation Suite","Sprint 4 & 5 Tests","com.dxc.iot.tests.StreetLightDashboardTests","com.dxc.iot.tests.StreetLightDashboardTests","testStatusFilter_DDT","testStatusFilter_DDT",""
"passed","Sat Jul 04 18:16:40 EEST 2026","Sat Jul 04 18:18:40 EEST 2026","120457","IoT Automation Suite","Sprint 4 & 5 Tests","com.dxc.iot.tests.AirPollutionNotificationTests","com.dxc.iot.tests.AirPollutionNotificationTests","testAirPollutionNotificationLocation_APN002","testAirPollutionNotificationLocation_APN002","Asserts an Air Pollution alert includes one of the known sensor locations."
"passed","Sat Jul 04 17:36:29 EEST 2026","Sat Jul 04 17:36:35 EEST 2026","5719","IoT Automation Suite","Sprint 3 Tests","com.dxc.iot.tests.TrafficDashboardTests","com.dxc.iot.tests.TrafficDashboardTests","testChartsEmptyState_CG005","testChartsEmptyState_CG005","Applies a date range with no data (April 2024) and asserts charts handle the empty state gracefully — no crash."
"passed","Sat Jul 04 17:54:40 EEST 2026","Sat Jul 04 17:54:42 EEST 2026","2724","IoT Automation Suite","Sprint 4 & 5 Tests","com.dxc.iot.tests.StreetLightDashboardTests","com.dxc.iot.tests.StreetLightDashboardTests","testPaginationControlsDisplayed_SL002","testPaginationControlsDisplayed_SL002",""
"passed","Sat Jul 04 17:41:29 EEST 2026","Sat Jul 04 17:41:45 EEST 2026","16089","IoT Automation Suite","Sprint 3 Tests","com.dxc.iot.tests.TrafficDashboardTests","com.dxc.iot.tests.TrafficDashboardTests","testExpandedChartCloses_CG007","testExpandedChartCloses_CG007","Opens the expanded chart modal and clicks the X button. Asserts the modal closes completely."
"passed","Sat Jul 04 16:55:43 EEST 2026","Sat Jul 04 16:55:44 EEST 2026","1285","IoT Automation Suite","Regression Tests","com.dxc.iot.tests.SignUpTests","com.dxc.iot.tests.SignUpTests","testLoginLinkNavigation_A048","testLoginLinkNavigation_A048",""
"passed","Sat Jul 04 17:23:14 EEST 2026","Sat Jul 04 17:25:27 EEST 2026","132486","IoT Automation Suite","Sprint 3 Tests","com.dxc.iot.tests.NotificationTests","com.dxc.iot.tests.NotificationTests","testDismissLastNotificationShowsEmptyState_NT017","testDismissLastNotificationShowsEmptyState_NT017","Dismisses notifications one by one until the last one, then dismisses it and asserts the panel shows empty state. State transition: 1 notification → dismiss → empty."
"passed","Sat Jul 04 17:04:42 EEST 2026","Sat Jul 04 17:04:46 EEST 2026","3671","IoT Automation Suite","Regression Tests","com.dxc.iot.tests.SettingsTests","com.dxc.iot.tests.SettingsTests","testSettings","testSettings",""
"passed","Sat Jul 04 17:52:40 EEST 2026","Sat Jul 04 17:52:56 EEST 2026","15649","IoT Automation Suite","Sprint 4 & 5 Tests","com.dxc.iot.tests.StreetLightDashboardTests","com.dxc.iot.tests.StreetLightDashboardTests","testExpandedChartCloses_SLCG007","testExpandedChartCloses_SLCG007",""
"passed","Sat Jul 04 17:13:37 EEST 2026","Sat Jul 04 17:13:44 EEST 2026","6700","IoT Automation Suite","Sprint 3 Tests","com.dxc.iot.tests.NotificationTests","com.dxc.iot.tests.NotificationTests","testNotificationBellVisible_NT001","testNotificationBellVisible_NT001","Asserts .bell-btn is present after login. Entry point to notification center."
"passed","Sat Jul 04 17:39:39 EEST 2026","Sat Jul 04 17:39:44 EEST 2026","5539","IoT Automation Suite","Sprint 3 Tests","com.dxc.iot.tests.TrafficDashboardTests","com.dxc.iot.tests.TrafficDashboardTests","testCongestionFilterDDT","testCongestionFilterDDT","DDT: selects Low, Moderate, High, Severe, and All. Asserts every visible row matches the selected level. Congestion cell has surrounding spaces — trimmed before comparison."
"passed","Sat Jul 04 17:11:24 EEST 2026","Sat Jul 04 17:11:26 EEST 2026","2060","IoT Automation Suite","Regression Tests","com.dxc.iot.tests.SessionTests","com.dxc.iot.tests.SessionTests","testUnauthorizedAccessToSettings_A066","testUnauthorizedAccessToSettings_A066",""
"passed","Sat Jul 04 17:36:38 EEST 2026","Sat Jul 04 17:36:43 EEST 2026","5247","IoT Automation Suite","Sprint 3 Tests","com.dxc.iot.tests.TrafficDashboardTests","com.dxc.iot.tests.TrafficDashboardTests","testChartsUpdateOnFilter_CG003","testChartsUpdateOnFilter_CG003","Applies location filter and asserts charts remain visible — confirms charts react to filter changes alongside the table."
"passed","Sat Jul 04 18:06:01 EEST 2026","Sat Jul 04 18:06:06 EEST 2026","5165","IoT Automation Suite","Sprint 4 & 5 Tests","com.dxc.iot.tests.AirPollutionDashboardTests","com.dxc.iot.tests.AirPollutionDashboardTests","testCombinedFilterZeroResults_AP024","testCombinedFilterZeroResults_AP024",""
"passed","Sat Jul 04 18:12:59 EEST 2026","Sat Jul 04 18:14:03 EEST 2026","64318","IoT Automation Suite","Sprint 4 & 5 Tests","com.dxc.iot.tests.AirPollutionNotificationTests","com.dxc.iot.tests.AirPollutionNotificationTests","testAirPollutionToastAppears_APN003","testAirPollutionToastAppears_APN003","Navigates to /air-pollution and waits for toast when a sensor reading breaches CO or Ozone threshold."
"passed","Sat Jul 04 18:09:42 EEST 2026","Sat Jul 04 18:09:48 EEST 2026","6102","IoT Automation Suite","Sprint 4 & 5 Tests","com.dxc.iot.tests.AirPollutionDashboardTests","com.dxc.iot.tests.AirPollutionDashboardTests","testLocationFilter_DDT","testLocationFilter_DDT",""
"passed","Sat Jul 04 17:10:12 EEST 2026","Sat Jul 04 17:10:14 EEST 2026","2089","IoT Automation Suite","Regression Tests","com.dxc.iot.tests.HomeTests","com.dxc.iot.tests.HomeTests","testHomePageFeatures","testHomePageFeatures",""
"passed","Sat Jul 04 18:08:39 EEST 2026","Sat Jul 04 18:08:54 EEST 2026","15105","IoT Automation Suite","Sprint 4 & 5 Tests","com.dxc.iot.tests.AirPollutionDashboardTests","com.dxc.iot.tests.AirPollutionDashboardTests","testExpandedOzoneChartCloses_APCG010","testExpandedOzoneChartCloses_APCG010",""
"passed","Sat Jul 04 17:48:07 EEST 2026","Sat Jul 04 17:48:11 EEST 2026","4917","IoT Automation Suite","Sprint 4 & 5 Tests","com.dxc.iot.tests.StreetLightDashboardTests","com.dxc.iot.tests.StreetLightDashboardTests","testBrightnessSortHeaderChanges_SL004","testBrightnessSortHeaderChanges_SL004",""
"passed","Sat Jul 04 18:02:39 EEST 2026","Sat Jul 04 18:04:39 EEST 2026","120355","IoT Automation Suite","Sprint 4 & 5 Tests","com.dxc.iot.tests.StreetLightNotificationTests","com.dxc.iot.tests.StreetLightNotificationTests","testStreetLightNotificationLocation_SLN002","testStreetLightNotificationLocation_SLN002","Asserts a Street Light alert includes one of the known sensor locations."
"passed","Sat Jul 04 17:10:59 EEST 2026","Sat Jul 04 17:11:02 EEST 2026","2855","IoT Automation Suite","Regression Tests","com.dxc.iot.tests.SessionTests","com.dxc.iot.tests.SessionTests","testSidebarLogoutFromSettings_A065","testSidebarLogoutFromSettings_A065",""
"passed","Sat Jul 04 17:47:23 EEST 2026","Sat Jul 04 17:47:29 EEST 2026","6361","IoT Automation Suite","Sprint 3 Tests","com.dxc.iot.tests.TrafficDashboardTests","com.dxc.iot.tests.TrafficDashboardTests","testTrafficDateFilteringDDT","testTrafficDateFilteringDDT","DDT: valid range returns rows, future date returns no-data, reversed range handled gracefully, recovery after correction works."
"passed","Sat Jul 04 16:55:16 EEST 2026","Sat Jul 04 16:55:40 EEST 2026","23642","IoT Automation Suite","Regression Tests","com.dxc.iot.tests.SignUpTests","com.dxc.iot.tests.SignUpTests","testRemoveAvatar_A047","testRemoveAvatar_A047",""
"passed","Sat Jul 04 17:42:40 EEST 2026","Sat Jul 04 17:42:45 EEST 2026","5746","IoT Automation Suite","Sprint 3 Tests","com.dxc.iot.tests.TrafficDashboardTests","com.dxc.iot.tests.TrafficDashboardTests","testLocationFilterDDT","testLocationFilterDDT","DDT: selects Industrial Zone B, Main St & 1st Ave, Central Park North and asserts every visible row matches that location."
"passed","Sat Jul 04 17:13:47 EEST 2026","Sat Jul 04 17:13:54 EEST 2026","7424","IoT Automation Suite","Sprint 3 Tests","com.dxc.iot.tests.NotificationTests","com.dxc.iot.tests.NotificationTests","testNotificationPanelOpens_NT003","testNotificationPanelOpens_NT003","Clicks .bell-btn and asserts .notif-panel becomes visible."
"passed","Sat Jul 04 17:49:11 EEST 2026","Sat Jul 04 17:49:16 EEST 2026","4848","IoT Automation Suite","Sprint 4 & 5 Tests","com.dxc.iot.tests.StreetLightDashboardTests","com.dxc.iot.tests.StreetLightDashboardTests","testCombinedFilterZeroResults_SL024","testCombinedFilterZeroResults_SL024",""
"passed","Sat Jul 04 17:12:08 EEST 2026","Sat Jul 04 17:12:10 EEST 2026","2560","IoT Automation Suite","Sprint 3 Tests","com.dxc.iot.tests.EntryPointTests","com.dxc.iot.tests.EntryPointTests","testStreetLightCardOpensModal_EP004","testStreetLightCardOpensModal_EP004","Clicks the Street Light card and asserts navigation to /street-light."
"passed","Sat Jul 04 16:57:37 EEST 2026","Sat Jul 04 16:57:43 EEST 2026","5098","IoT Automation Suite","Regression Tests","com.dxc.iot.tests.ProfileTests","com.dxc.iot.tests.ProfileTests","testAvatarUpload_A050","testAvatarUpload_A050",""
"passed","Sat Jul 04 17:25:30 EEST 2026","Sat Jul 04 17:27:32 EEST 2026","121606","IoT Automation Suite","Sprint 3 Tests","com.dxc.iot.tests.NotificationTests","com.dxc.iot.tests.NotificationTests","testDismissReducesCountByExactlyOne_NT012","testDismissReducesCountByExactlyOne_NT012","With 2+ notifications, dismisses one and asserts count = before - 1 exactly."
"passed","Sat Jul 04 18:11:38 EEST 2026","Sat Jul 04 18:11:44 EEST 2026","5774","IoT Automation Suite","Sprint 4 & 5 Tests","com.dxc.iot.tests.AirPollutionDashboardTests","com.dxc.iot.tests.AirPollutionDashboardTests","testPreviousPageNavigation_AP013","testPreviousPageNavigation_AP013",""
"passed","Sat Jul 04 17:43:46 EEST 2026","Sat Jul 04 17:44:02 EEST 2026","16252","IoT Automation Suite","Sprint 3 Tests","com.dxc.iot.tests.TrafficDashboardTests","com.dxc.iot.tests.TrafficDashboardTests","testSameDayDateRange_TD023","testSameDayDateRange_TD023","Sets start and end date to the same day (today). Asserts table shows rows or no-data message — no crash or broken state. BVA: zero-width date range from user perspective."
"passed","Sat Jul 04 17:52:05 EEST 2026","Sat Jul 04 17:52:20 EEST 2026","15425","IoT Automation Suite","Sprint 4 & 5 Tests","com.dxc.iot.tests.StreetLightDashboardTests","com.dxc.iot.tests.StreetLightDashboardTests","testDateFilter_DDT","testDateFilter_DDT",""
"passed","Sat Jul 04 17:39:49 EEST 2026","Sat Jul 04 17:41:02 EEST 2026","73158","IoT Automation Suite","Sprint 3 Tests","com.dxc.iot.tests.TrafficDashboardTests","com.dxc.iot.tests.TrafficDashboardTests","testDashboardAutoRefreshesData_TD017","testDashboardAutoRefreshesData_TD017","Waits 70s and asserts the table is still functional after the 1-minute auto-refresh cycle."
"passed","Sat Jul 04 17:14:10 EEST 2026","Sat Jul 04 17:16:10 EEST 2026","120370","IoT Automation Suite","Sprint 3 Tests","com.dxc.iot.tests.NotificationTests","com.dxc.iot.tests.NotificationTests","testNotificationsExist_NT004","testNotificationsExist_NT004","Waits up to 60s for notifications. Asserts count > 0."
"passed","Sat Jul 04 17:11:30 EEST 2026","Sat Jul 04 17:11:33 EEST 2026","2813","IoT Automation Suite","Sprint 3 Tests","com.dxc.iot.tests.EntryPointTests","com.dxc.iot.tests.EntryPointTests","testAirPollutionCardOpensModal_EP003","testAirPollutionCardOpensModal_EP003","Clicks the Air Pollution card and asserts navigation to /air-pollution."
"passed","Sat Jul 04 17:53:26 EEST 2026","Sat Jul 04 17:53:30 EEST 2026","4115","IoT Automation Suite","Sprint 4 & 5 Tests","com.dxc.iot.tests.StreetLightDashboardTests","com.dxc.iot.tests.StreetLightDashboardTests","testLocationFilterAccessible_SL005","testLocationFilterAccessible_SL005",""
"passed","Sat Jul 04 17:16:14 EEST 2026","Sat Jul 04 17:16:53 EEST 2026","38379","IoT Automation Suite","Sprint 3 Tests","com.dxc.iot.tests.NotificationTests","com.dxc.iot.tests.NotificationTests","testToastManualDismiss_NT014","testToastManualDismiss_NT014","Waits for toast to appear then clicks .toast-close button. Asserts toast disappears immediately without waiting for auto-dismiss."
"passed","Sat Jul 04 18:05:46 EEST 2026","Sat Jul 04 18:05:50 EEST 2026","3653","IoT Automation Suite","Sprint 4 & 5 Tests","com.dxc.iot.tests.AirPollutionDashboardTests","com.dxc.iot.tests.AirPollutionDashboardTests","testCoChartVisible_APCG001","testCoChartVisible_APCG001",""
"passed","Sat Jul 04 17:44:33 EEST 2026","Sat Jul 04 17:44:39 EEST 2026","5154","IoT Automation Suite","Sprint 3 Tests","com.dxc.iot.tests.TrafficDashboardTests","com.dxc.iot.tests.TrafficDashboardTests","testSortingDDT","testSortingDDT","DDT: clicks a column N times and asserts values are in the expected order. Strips 'vehicles/hr' from density and 'km/h' from speed before numeric comparison."
"passed","Sat Jul 04 17:43:06 EEST 2026","Sat Jul 04 17:43:24 EEST 2026","17705","IoT Automation Suite","Sprint 3 Tests","com.dxc.iot.tests.TrafficDashboardTests","com.dxc.iot.tests.TrafficDashboardTests","testPaginationResetsAfterFilter_TD022","testPaginationResetsAfterFilter_TD022","Navigates to page 2, then applies a location filter. Asserts the table resets to page 1 of the filtered results."
"passed","Sat Jul 04 16:56:17 EEST 2026","Sat Jul 04 16:56:18 EEST 2026","1526","IoT Automation Suite","Regression Tests","com.dxc.iot.tests.LoginTests","com.dxc.iot.tests.LoginTests","testPasswordToggle_A044","testPasswordToggle_A044",""
"passed","Sat Jul 04 16:58:59 EEST 2026","Sat Jul 04 16:59:02 EEST 2026","3195","IoT Automation Suite","Regression Tests","com.dxc.iot.tests.ProfileTests","com.dxc.iot.tests.ProfileTests","testChangePassword","testChangePassword",""
"passed","Sat Jul 04 17:48:58 EEST 2026","Sat Jul 04 17:49:06 EEST 2026","7588","IoT Automation Suite","Sprint 4 & 5 Tests","com.dxc.iot.tests.StreetLightDashboardTests","com.dxc.iot.tests.StreetLightDashboardTests","testClearDateFilterRestoresRows_SL021","testClearDateFilterRestoresRows_SL021",""
"passed","Sat Jul 04 17:42:11 EEST 2026","Sat Jul 04 17:42:15 EEST 2026","4091","IoT Automation Suite","Sprint 3 Tests","com.dxc.iot.tests.TrafficDashboardTests","com.dxc.iot.tests.TrafficDashboardTests","testLocationFilterAccessible_TD005","testLocationFilterAccessible_TD005","Opens location filter and asserts display text is non-empty."
"passed","Sat Jul 04 17:11:47 EEST 2026","Sat Jul 04 17:11:48 EEST 2026","1732","IoT Automation Suite","Sprint 3 Tests","com.dxc.iot.tests.EntryPointTests","com.dxc.iot.tests.EntryPointTests","testHomePageShowsThreeDashboardCards_EP001","testHomePageShowsThreeDashboardCards_EP001","Asserts Traffic, Air Pollution, and Street Light cards all visible after login."
"passed","Sat Jul 04 17:48:19 EEST 2026","Sat Jul 04 17:48:22 EEST 2026","2869","IoT Automation Suite","Sprint 4 & 5 Tests","com.dxc.iot.tests.StreetLightDashboardTests","com.dxc.iot.tests.StreetLightDashboardTests","testChartTitlesCorrect_SLCG006","testChartTitlesCorrect_SLCG006",""
"passed","Sat Jul 04 17:36:59 EEST 2026","Sat Jul 04 17:37:07 EEST 2026","7915","IoT Automation Suite","Sprint 3 Tests","com.dxc.iot.tests.TrafficDashboardTests","com.dxc.iot.tests.TrafficDashboardTests","testClearDateFilterRestoresRows_TD021","testClearDateFilterRestoresRows_TD021","Applies a restrictive date filter, then clears it. Asserts the table returns to its unfiltered state with rows present."
"passed","Sat Jul 04 17:29:41 EEST 2026","Sat Jul 04 17:31:53 EEST 2026","131822","IoT Automation Suite","Sprint 3 Tests","com.dxc.iot.tests.NotificationTests","com.dxc.iot.tests.NotificationTests","testClearAllNotifications_NT006","testClearAllNotifications_NT006","Clicks .notif-clear-all and asserts .notif-item list is empty."
"passed","Sat Jul 04 17:47:59 EEST 2026","Sat Jul 04 17:48:02 EEST 2026","2996","IoT Automation Suite","Sprint 4 & 5 Tests","com.dxc.iot.tests.StreetLightDashboardTests","com.dxc.iot.tests.StreetLightDashboardTests","testBrightnessChartVisible_SLCG001","testBrightnessChartVisible_SLCG001",""
"passed","Sat Jul 04 18:05:54 EEST 2026","Sat Jul 04 18:05:57 EEST 2026","3389","IoT Automation Suite","Sprint 4 & 5 Tests","com.dxc.iot.tests.AirPollutionDashboardTests","com.dxc.iot.tests.AirPollutionDashboardTests","testCoSortHeaderChanges_AP004","testCoSortHeaderChanges_AP004",""
"passed","Sat Jul 04 17:27:36 EEST 2026","Sat Jul 04 17:29:37 EEST 2026","121653","IoT Automation Suite","Sprint 3 Tests","com.dxc.iot.tests.NotificationTests","com.dxc.iot.tests.NotificationTests","testDismissSingleNotification_NT005","testDismissSingleNotification_NT005","Dismisses first .notif-item and asserts total count decreased."
"passed","Sat Jul 04 16:59:14 EEST 2026","Sat Jul 04 16:59:17 EEST 2026","2687","IoT Automation Suite","Regression Tests","com.dxc.iot.tests.ProfileTests","com.dxc.iot.tests.ProfileTests","testProfileNavigation_A010","testProfileNavigation_A010",""
"passed","Sat Jul 04 16:56:23 EEST 2026","Sat Jul 04 16:56:24 EEST 2026","1537","IoT Automation Suite","Regression Tests","com.dxc.iot.tests.LoginTests","com.dxc.iot.tests.LoginTests","testCreateOneLinkNavigation_A045","testCreateOneLinkNavigation_A045",""
"passed","Sat Jul 04 17:54:20 EEST 2026","Sat Jul 04 17:54:25 EEST 2026","5107","IoT Automation Suite","Sprint 4 & 5 Tests","com.dxc.iot.tests.StreetLightDashboardTests","com.dxc.iot.tests.StreetLightDashboardTests","testLocationFilter_DDT","testLocationFilter_DDT",""
"passed","Sat Jul 04 17:16:56 EEST 2026","Sat Jul 04 17:18:57 EEST 2026","121114","IoT Automation Suite","Sprint 3 Tests","com.dxc.iot.tests.NotificationTests","com.dxc.iot.tests.NotificationTests","testBellBadgeVisibleWithNotifications_NT015","testBellBadgeVisibleWithNotifications_NT015","Asserts .bell-badge is visible when there are unread notifications. Badge confirmed in HTML: <span class='bell-badge'>15</span>"
"passed","Sat Jul 04 18:05:36 EEST 2026","Sat Jul 04 18:05:43 EEST 2026","7107","IoT Automation Suite","Sprint 4 & 5 Tests","com.dxc.iot.tests.AirPollutionDashboardTests","com.dxc.iot.tests.AirPollutionDashboardTests","testClearDateFilterRestoresRows_AP021","testClearDateFilterRestoresRows_AP021",""
"passed","Sat Jul 04 17:36:49 EEST 2026","Sat Jul 04 17:36:53 EEST 2026","4584","IoT Automation Suite","Sprint 3 Tests","com.dxc.iot.tests.TrafficDashboardTests","com.dxc.iot.tests.TrafficDashboardTests","testChartsVisibleAfterPagination_CG008","testChartsVisibleAfterPagination_CG008","Navigates to page 2 of the table and asserts both charts are still visible — confirms charts don't disappear on pagination."
"passed","Sat Jul 04 18:12:43 EEST 2026","Sat Jul 04 18:12:47 EEST 2026","3460","IoT Automation Suite","Sprint 4 & 5 Tests","com.dxc.iot.tests.AirPollutionDashboardTests","com.dxc.iot.tests.AirPollutionDashboardTests","testSorting_DDT","testSorting_DDT",""
"passed","Sat Jul 04 17:46:50 EEST 2026","Sat Jul 04 17:46:53 EEST 2026","2707","IoT Automation Suite","Sprint 3 Tests","com.dxc.iot.tests.TrafficDashboardTests","com.dxc.iot.tests.TrafficDashboardTests","testTrafficDashboardLoads_TD001","testTrafficDashboardLoads_TD001","Navigates to /traffic and asserts the data table is visible with at least one row."
"passed","Sat Jul 04 17:12:21 EEST 2026","Sat Jul 04 17:12:49 EEST 2026","28125","IoT Automation Suite","Sprint 3 Tests","com.dxc.iot.tests.NotificationTests","com.dxc.iot.tests.NotificationTests","testBellTogglesPanel_NT007","testBellTogglesPanel_NT007","First click opens, second click closes. Validates Angular toggle behavior."
"passed","Sat Jul 04 18:11:48 EEST 2026","Sat Jul 04 18:11:53 EEST 2026","5024","IoT Automation Suite","Sprint 4 & 5 Tests","com.dxc.iot.tests.AirPollutionDashboardTests","com.dxc.iot.tests.AirPollutionDashboardTests","testPreviousPageOnFirstPageIsNoOp_AP014","testPreviousPageOnFirstPageIsNoOp_AP014",""
"passed","Sat Jul 04 17:11:16 EEST 2026","Sat Jul 04 17:11:16 EEST 2026","335","IoT Automation Suite","Regression Tests","com.dxc.iot.tests.SessionTests","com.dxc.iot.tests.SessionTests","testUnauthorizedAccessToHome_A032","testUnauthorizedAccessToHome_A032",""
"broken","Sat Jul 04 18:14:08 EEST 2026","Sat Jul 04 18:14:28 EEST 2026","20319","IoT Automation Suite","Sprint 4 & 5 Tests","com.dxc.iot.tests.AirPollutionNotificationTests","com.dxc.iot.tests.AirPollutionNotificationTests","testMixedNotifications_APN004","testMixedNotifications_APN004","Confirms the notification panel can display Air Pollution alerts alongside Traffic and Street Light alerts."
"passed","Sat Jul 04 17:36:22 EEST 2026","Sat Jul 04 17:36:25 EEST 2026","3210","IoT Automation Suite","Sprint 3 Tests","com.dxc.iot.tests.TrafficDashboardTests","com.dxc.iot.tests.TrafficDashboardTests","testChartTitlesCorrect_CG006","testChartTitlesCorrect_CG006","Asserts both chart titles match the expected text exactly."
"passed","Sat Jul 04 18:08:02 EEST 2026","Sat Jul 04 18:08:06 EEST 2026","4645","IoT Automation Suite","Sprint 4 & 5 Tests","com.dxc.iot.tests.AirPollutionDashboardTests","com.dxc.iot.tests.AirPollutionDashboardTests","testExpandChartShowsStats_APCG004","testExpandChartShowsStats_APCG004",""
"passed","Sat Jul 04 16:56:09 EEST 2026","Sat Jul 04 16:56:12 EEST 2026","2662","IoT Automation Suite","Regression Tests","com.dxc.iot.tests.LoginTests","com.dxc.iot.tests.LoginTests","testLogin","testLogin",""
"passed","Sat Jul 04 18:04:48 EEST 2026","Sat Jul 04 18:04:53 EEST 2026","4390","IoT Automation Suite","Sprint 4 & 5 Tests","com.dxc.iot.tests.AirPollutionDashboardTests","com.dxc.iot.tests.AirPollutionDashboardTests","testChartTitlesCorrect_APCG006","testChartTitlesCorrect_APCG006",""
"passed","Sat Jul 04 18:07:43 EEST 2026","Sat Jul 04 18:07:58 EEST 2026","14632","IoT Automation Suite","Sprint 4 & 5 Tests","com.dxc.iot.tests.AirPollutionDashboardTests","com.dxc.iot.tests.AirPollutionDashboardTests","testDateFilter_DDT","testDateFilter_DDT",""
"passed","Sat Jul 04 17:11:20 EEST 2026","Sat Jul 04 17:11:21 EEST 2026","762","IoT Automation Suite","Regression Tests","com.dxc.iot.tests.SessionTests","com.dxc.iot.tests.SessionTests","testUnauthorizedAccessToProfile_A033","testUnauthorizedAccessToProfile_A033",""
"passed","Sat Jul 04 17:53:08 EEST 2026","Sat Jul 04 17:53:23 EEST 2026","14935","IoT Automation Suite","Sprint 4 & 5 Tests","com.dxc.iot.tests.StreetLightDashboardTests","com.dxc.iot.tests.StreetLightDashboardTests","testExpandedPowerChartCloses_SLCG010","testExpandedPowerChartCloses_SLCG010",""
"passed","Sat Jul 04 17:41:06 EEST 2026","Sat Jul 04 17:41:09 EEST 2026","3159","IoT Automation Suite","Sprint 3 Tests","com.dxc.iot.tests.TrafficDashboardTests","com.dxc.iot.tests.TrafficDashboardTests","testDensityChartVisible_CG001","testDensityChartVisible_CG001","Asserts the Traffic Density Over Time line chart is rendered on /traffic."
"passed","Sat Jul 04 18:05:26 EEST 2026","Sat Jul 04 18:05:31 EEST 2026","4929","IoT Automation Suite","Sprint 4 & 5 Tests","com.dxc.iot.tests.AirPollutionDashboardTests","com.dxc.iot.tests.AirPollutionDashboardTests","testChartsVisibleAfterPagination_APCG008","testChartsVisibleAfterPagination_APCG008",""
"passed","Sat Jul 04 17:11:05 EEST 2026","Sat Jul 04 17:11:09 EEST 2026","3822","IoT Automation Suite","Regression Tests","com.dxc.iot.tests.SessionTests","com.dxc.iot.tests.SessionTests","testSidebarNavFromProfile_A064","testSidebarNavFromProfile_A064",""
"passed","Sat Jul 04 17:04:49 EEST 2026","Sat Jul 04 17:04:52 EEST 2026","2717","IoT Automation Suite","Regression Tests","com.dxc.iot.tests.SettingsTests","com.dxc.iot.tests.SettingsTests","testSettingsPageStructure_A024","testSettingsPageStructure_A024",""
"passed","Sat Jul 04 17:46:13 EEST 2026","Sat Jul 04 17:46:47 EEST 2026","33489","IoT Automation Suite","Sprint 3 Tests","com.dxc.iot.tests.TrafficDashboardTests","com.dxc.iot.tests.TrafficDashboardTests","testToastMessageFormat_TD020","testToastMessageFormat_TD020","Asserts toast contains 'above the limit' or 'below the limit'. Confirmed format: 'Traffic Density is above the limit — reading: X, threshold: Y'"
"passed","Sat Jul 04 16:56:28 EEST 2026","Sat Jul 04 16:57:34 EEST 2026","65602","IoT Automation Suite","Regression Tests","com.dxc.iot.tests.LoginTests","com.dxc.iot.tests.LoginTests","testAccountLocked_A046","testAccountLocked_A046",""
"passed","Sat Jul 04 17:44:42 EEST 2026","Sat Jul 04 17:44:45 EEST 2026","2740","IoT Automation Suite","Sprint 3 Tests","com.dxc.iot.tests.TrafficDashboardTests","com.dxc.iot.tests.TrafficDashboardTests","testSpeedChartVisible_CG002","testSpeedChartVisible_CG002","Asserts the Average Speed Distribution bar chart is rendered on /traffic."
"passed","Sat Jul 04 17:21:05 EEST 2026","Sat Jul 04 17:23:05 EEST 2026","120603","IoT Automation Suite","Sprint 3 Tests","com.dxc.iot.tests.NotificationTests","com.dxc.iot.tests.NotificationTests","testNotificationMessageFormat_NT010","testNotificationMessageFormat_NT010","Asserts message contains 'above/below the limit', 'reading:', and 'threshold:'. Confirmed format: 'Traffic Density is above the limit — reading: 449, threshold: 50 · Location'"
"passed","Sat Jul 04 18:04:43 EEST 2026","Sat Jul 04 18:04:45 EEST 2026","2614","IoT Automation Suite","Sprint 4 & 5 Tests","com.dxc.iot.tests.AirPollutionDashboardTests","com.dxc.iot.tests.AirPollutionDashboardTests","testAirPollutionDashboardLoads_AP001","testAirPollutionDashboardLoads_AP001",""
"passed","Sat Jul 04 17:42:58 EEST 2026","Sat Jul 04 17:43:02 EEST 2026","3422","IoT Automation Suite","Sprint 3 Tests","com.dxc.iot.tests.TrafficDashboardTests","com.dxc.iot.tests.TrafficDashboardTests","testPaginationControlsDisplayed_TD002","testPaginationControlsDisplayed_TD002","Asserts both Next and Previous pagination buttons are present."
"passed","Sat Jul 04 16:57:46 EEST 2026","Sat Jul 04 16:58:10 EEST 2026","24484","IoT Automation Suite","Regression Tests","com.dxc.iot.tests.ProfileTests","com.dxc.iot.tests.ProfileTests","testCancelCollapsesPasswordForm_A049","testCancelCollapsesPasswordForm_A049",""
"passed","Sat Jul 04 18:10:02 EEST 2026","Sat Jul 04 18:10:05 EEST 2026","3343","IoT Automation Suite","Sprint 4 & 5 Tests","com.dxc.iot.tests.AirPollutionDashboardTests","com.dxc.iot.tests.AirPollutionDashboardTests","testOzoneChartVisible_APCG002","testOzoneChartVisible_APCG002",""
"passed","Sat Jul 04 17:41:13 EEST 2026","Sat Jul 04 17:41:17 EEST 2026","4921","IoT Automation Suite","Sprint 3 Tests","com.dxc.iot.tests.TrafficDashboardTests","com.dxc.iot.tests.TrafficDashboardTests","testExpandChartShowsStats_CG004","testExpandChartShowsStats_CG004","Clicks 'Click to expand' on the Traffic Density chart and asserts the expanded view opens with Peak Density stat visible."
"passed","Sat Jul 04 17:11:36 EEST 2026","Sat Jul 04 17:11:39 EEST 2026","3716","IoT Automation Suite","Sprint 3 Tests","com.dxc.iot.tests.EntryPointTests","com.dxc.iot.tests.EntryPointTests","testBackNavigationReturnsToHome_EP005","testBackNavigationReturnsToHome_EP005","Clicks Traffic card, browser Back, asserts all 3 cards still present."
"passed","Sat Jul 04 18:10:11 EEST 2026","Sat Jul 04 18:10:19 EEST 2026","7636","IoT Automation Suite","Sprint 4 & 5 Tests","com.dxc.iot.tests.AirPollutionDashboardTests","com.dxc.iot.tests.AirPollutionDashboardTests","testPaginationControlsDisplayed_AP002","testPaginationControlsDisplayed_AP002",""
"passed","Sat Jul 04 18:14:33 EEST 2026","Sat Jul 04 18:16:34 EEST 2026","121166","IoT Automation Suite","Sprint 4 & 5 Tests","com.dxc.iot.tests.AirPollutionNotificationTests","com.dxc.iot.tests.AirPollutionNotificationTests","testAirPollutionNotificationFormat_APN001","testAirPollutionNotificationFormat_APN001","Asserts an Air Pollution alert contains 'CO Levels' or 'Ozone', 'above/below the limit', 'reading:', and 'threshold:'."
"passed","Sat Jul 04 17:54:29 EEST 2026","Sat Jul 04 17:54:37 EEST 2026","7448","IoT Automation Suite","Sprint 4 & 5 Tests","com.dxc.iot.tests.StreetLightDashboardTests","com.dxc.iot.tests.StreetLightDashboardTests","testNextPaginationChangesData_SL003","testNextPaginationChangesData_SL003",""
"passed","Sat Jul 04 17:55:21 EEST 2026","Sat Jul 04 17:55:35 EEST 2026","14804","IoT Automation Suite","Sprint 4 & 5 Tests","com.dxc.iot.tests.StreetLightDashboardTests","com.dxc.iot.tests.StreetLightDashboardTests","testSameDayDateRange_SL023","testSameDayDateRange_SL023",""
"passed","Sat Jul 04 16:59:20 EEST 2026","Sat Jul 04 16:59:24 EEST 2026","3831","IoT Automation Suite","Regression Tests","com.dxc.iot.tests.SettingsTests","com.dxc.iot.tests.SettingsTests","testInfoMetricChips_A055","testInfoMetricChips_A055",""
"passed","Sat Jul 04 17:55:13 EEST 2026","Sat Jul 04 17:55:18 EEST 2026","4814","IoT Automation Suite","Sprint 4 & 5 Tests","com.dxc.iot.tests.StreetLightDashboardTests","com.dxc.iot.tests.StreetLightDashboardTests","testPreviousPageOnFirstPageIsNoOp_SL014","testPreviousPageOnFirstPageIsNoOp_SL014",""
"passed","Sat Jul 04 17:57:11 EEST 2026","Sat Jul 04 17:59:11 EEST 2026","120470","IoT Automation Suite","Sprint 4 & 5 Tests","com.dxc.iot.tests.StreetLightNotificationTests","com.dxc.iot.tests.StreetLightNotificationTests","testMixedNotifications_SLN004","testMixedNotifications_SLN004","Confirms the notification panel can display Street Light alerts alongside existing Traffic alerts — bell badge counts all sources."
"passed","Sat Jul 04 18:08:11 EEST 2026","Sat Jul 04 18:08:15 EEST 2026","4495","IoT Automation Suite","Sprint 4 & 5 Tests","com.dxc.iot.tests.AirPollutionDashboardTests","com.dxc.iot.tests.AirPollutionDashboardTests","testExpandOzoneChartShowsStats_APCG009","testExpandOzoneChartShowsStats_APCG009",""
"passed","Sat Jul 04 17:52:23 EEST 2026","Sat Jul 04 17:52:28 EEST 2026","4769","IoT Automation Suite","Sprint 4 & 5 Tests","com.dxc.iot.tests.StreetLightDashboardTests","com.dxc.iot.tests.StreetLightDashboardTests","testExpandChartShowsStats_SLCG004","testExpandChartShowsStats_SLCG004",""
"passed","Sat Jul 04 17:10:19 EEST 2026","Sat Jul 04 17:10:21 EEST 2026","2054","IoT Automation Suite","Regression Tests","com.dxc.iot.tests.SessionTests","com.dxc.iot.tests.SessionTests","testAuthenticatedUserBlockedFromLogin_A067","testAuthenticatedUserBlockedFromLogin_A067",""
"passed","Sat Jul 04 17:19:01 EEST 2026","Sat Jul 04 17:21:01 EEST 2026","120507","IoT Automation Suite","Sprint 3 Tests","com.dxc.iot.tests.NotificationTests","com.dxc.iot.tests.NotificationTests","testNotificationMessageContainsLocation_NT013","testNotificationMessageContainsLocation_NT013","Asserts message contains one of the 3 confirmed locations: Industrial Zone B, Main St & 1st Ave, Central Park North."
"passed","Sat Jul 04 17:56:54 EEST 2026","Sat Jul 04 17:56:59 EEST 2026","4815","IoT Automation Suite","Sprint 4 & 5 Tests","com.dxc.iot.tests.StreetLightDashboardTests","com.dxc.iot.tests.StreetLightDashboardTests","testStreetLightDashboardLoads_SL001","testStreetLightDashboardLoads_SL001","Navigates to /street-light and asserts the data table is visible with at least one row."
"passed","Sat Jul 04 17:43:28 EEST 2026","Sat Jul 04 17:43:34 EEST 2026","6336","IoT Automation Suite","Sprint 3 Tests","com.dxc.iot.tests.TrafficDashboardTests","com.dxc.iot.tests.TrafficDashboardTests","testPreviousPageNavigation_TD013","testPreviousPageNavigation_TD013","Goes to page 2 then Previous and asserts page 1 is restored."
"passed","Sat Jul 04 17:44:58 EEST 2026","Sat Jul 04 17:45:32 EEST 2026","33459","IoT Automation Suite","Sprint 3 Tests","com.dxc.iot.tests.TrafficDashboardTests","com.dxc.iot.tests.TrafficDashboardTests","testToastAppearsOnThresholdBreach_TD018","testToastAppearsOnThresholdBreach_TD018","Waits up to 30s for a toast. Skips gracefully if no threshold breached."
"passed","Sat Jul 04 17:34:13 EEST 2026","Sat Jul 04 17:36:18 EEST 2026","124379","IoT Automation Suite","Sprint 3 Tests","com.dxc.iot.tests.NotificationTests","com.dxc.iot.tests.NotificationTests","testNotificationsPersistAfterReload_NT016","testNotificationsPersistAfterReload_NT016","Records notification count, reloads the page, opens panel again. Asserts notifications are still present — history must survive a refresh."
"passed","Sat Jul 04 18:11:56 EEST 2026","Sat Jul 04 18:12:11 EEST 2026","14679","IoT Automation Suite","Sprint 4 & 5 Tests","com.dxc.iot.tests.AirPollutionDashboardTests","com.dxc.iot.tests.AirPollutionDashboardTests","testSameDayDateRange_AP023","testSameDayDateRange_AP023",""
"passed","Sat Jul 04 17:12:01 EEST 2026","Sat Jul 04 17:12:04 EEST 2026","3238","IoT Automation Suite","Sprint 3 Tests","com.dxc.iot.tests.EntryPointTests","com.dxc.iot.tests.EntryPointTests","testModalClosesOnXButton_EP006","testModalClosesOnXButton_EP006","Navigates to /air-pollution then clicks browser Back. Asserts return to /home."
"passed","Sat Jul 04 17:54:45 EEST 2026","Sat Jul 04 17:54:54 EEST 2026","8862","IoT Automation Suite","Sprint 4 & 5 Tests","com.dxc.iot.tests.StreetLightDashboardTests","com.dxc.iot.tests.StreetLightDashboardTests","testPaginationResetsAfterFilter_SL022","testPaginationResetsAfterFilter_SL022",""
"passed","Sat Jul 04 17:12:53 EEST 2026","Sat Jul 04 17:13:01 EEST 2026","8427","IoT Automation Suite","Sprint 3 Tests","com.dxc.iot.tests.NotificationTests","com.dxc.iot.tests.NotificationTests","testClickInsidePanelKeepsItOpen_NT011","testClickInsidePanelKeepsItOpen_NT011","Clicks .notif-panel header. Validates $event.stopPropagation() works."
"passed","Sat Jul 04 17:11:52 EEST 2026","Sat Jul 04 17:11:55 EEST 2026","3237","IoT Automation Suite","Sprint 3 Tests","com.dxc.iot.tests.EntryPointTests","com.dxc.iot.tests.EntryPointTests","testModalClosesOnOutsideClick_EP007","testModalClosesOnOutsideClick_EP007","Navigates to /street-light then clicks browser Back. Asserts return to /home."
"passed","Sat Jul 04 18:11:29 EEST 2026","Sat Jul 04 18:11:34 EEST 2026","5290","IoT Automation Suite","Sprint 4 & 5 Tests","com.dxc.iot.tests.AirPollutionDashboardTests","com.dxc.iot.tests.AirPollutionDashboardTests","testPollutionLevelFilter_DDT","testPollutionLevelFilter_DDT",""
"passed","Sat Jul 04 17:41:51 EEST 2026","Sat Jul 04 17:42:07 EEST 2026","15870","IoT Automation Suite","Sprint 3 Tests","com.dxc.iot.tests.TrafficDashboardTests","com.dxc.iot.tests.TrafficDashboardTests","testExpandedSpeedChartCloses_CG010","testExpandedSpeedChartCloses_CG010","Opens the expanded Average Speed chart and clicks X. Asserts modal closes completely."
"passed","Sat Jul 04 17:10:26 EEST 2026","Sat Jul 04 17:10:28 EEST 2026","2841","IoT Automation Suite","Regression Tests","com.dxc.iot.tests.SessionTests","com.dxc.iot.tests.SessionTests","testAuthenticatedUserBlockedFromSignup_A068","testAuthenticatedUserBlockedFromSignup_A068",""
"passed","Sat Jul 04 17:04:56 EEST 2026","Sat Jul 04 17:05:03 EEST 2026","7196","IoT Automation Suite","Regression Tests","com.dxc.iot.tests.SettingsTests","com.dxc.iot.tests.SettingsTests","testSettingsPrePopulate_A051","testSettingsPrePopulate_A051",""
"passed","Sat Jul 04 17:42:50 EEST 2026","Sat Jul 04 17:42:55 EEST 2026","5174","IoT Automation Suite","Sprint 3 Tests","com.dxc.iot.tests.TrafficDashboardTests","com.dxc.iot.tests.TrafficDashboardTests","testNextPaginationChangesData_TD003","testNextPaginationChangesData_TD003","Clicks Next and asserts the table loads different data."
"passed","Sat Jul 04 17:31:56 EEST 2026","Sat Jul 04 17:34:10 EEST 2026","133697","IoT Automation Suite","Sprint 3 Tests","com.dxc.iot.tests.NotificationTests","com.dxc.iot.tests.NotificationTests","testEmptyStateAfterClearAll_NT009","testEmptyStateAfterClearAll_NT009","After Clear All, panel stays open and list is empty. Validates empty-state UI."
"passed","Sat Jul 04 17:55:04 EEST 2026","Sat Jul 04 17:55:10 EEST 2026","5825","IoT Automation Suite","Sprint 4 & 5 Tests","com.dxc.iot.tests.StreetLightDashboardTests","com.dxc.iot.tests.StreetLightDashboardTests","testPreviousPageNavigation_SL013","testPreviousPageNavigation_SL013",""
"passed","Sat Jul 04 17:10:40 EEST 2026","Sat Jul 04 17:10:46 EEST 2026","6031","IoT Automation Suite","Regression Tests","com.dxc.iot.tests.SessionTests","com.dxc.iot.tests.SessionTests","testJwtInterceptorPersistsAcrossNavigation","testJwtInterceptorPersistsAcrossNavigation",""
"passed","Sat Jul 04 17:10:32 EEST 2026","Sat Jul 04 17:10:36 EEST 2026","4318","IoT Automation Suite","Regression Tests","com.dxc.iot.tests.SessionTests","com.dxc.iot.tests.SessionTests","testBUG_LocalStoragePersists_A031","testBUG_LocalStoragePersists_A031",""
"passed","Sat Jul 04 17:43:38 EEST 2026","Sat Jul 04 17:43:43 EEST 2026","4792","IoT Automation Suite","Sprint 3 Tests","com.dxc.iot.tests.TrafficDashboardTests","com.dxc.iot.tests.TrafficDashboardTests","testPreviousPageOnFirstPageIsNoOp_TD014","testPreviousPageOnFirstPageIsNoOp_TD014","Clicks Previous on page 1. Table must not change — no negative page navigation."
